{"cameraMode":{"drawMode":0,"name":"Shaded","section":"Shading Mode"},"sceneLighting":false,"audioPlay":false,"sceneViewState":{"showFog":true,"showMaterialUpdate":false,"showSkybox":false,"showFlares":true,"showImageEffects":true,"showParticleSystems":true},"in2DMode":false,"pivot":{"x":-0.12017941474914551,"y":1.761228322982788,"z":-0.021389007568359376},"rotation":{"x":-0.05427893251180649,"y":-0.011853418312966824,"z":0.0010183933191001416,"w":-0.9985327124595642},"size":10.0,"orthographic":false}