{"cameraMode":{"drawMode":0,"name":"Shaded","section":"Shading Mode"},"sceneLighting":false,"audioPlay":false,"sceneViewState":{"showFog":true,"showMaterialUpdate":false,"showSkybox":false,"showFlares":true,"showImageEffects":true,"showParticleSystems":true},"in2DMode":false,"pivot":{"x":0.8076590895652771,"y":0.5089200139045715,"z":-3.1352572441101076},"rotation":{"x":-0.06131273880600929,"y":-0.6931709051132202,"z":0.05989416688680649,"w":-0.7157707810401917},"size":3.2977845668792726,"orthographic":false}