{"cameraMode":{"drawMode":0,"name":"Shaded","section":"Shading Mode"},"sceneLighting":false,"audioPlay":false,"sceneViewState":{"showFog":true,"showMaterialUpdate":false,"showSkybox":false,"showFlares":true,"showImageEffects":true,"showParticleSystems":true},"in2DMode":false,"pivot":{"x":1.3656123876571656,"y":13.91438102722168,"z":1.5344196557998658},"rotation":{"x":0.0230199433863163,"y":-0.9536988139152527,"z":0.2906172275543213,"w":0.07460690289735794},"size":21.902124404907228,"orthographic":false}