{"cameraMode":{"drawMode":0,"name":"Shaded","section":"Shading Mode"},"sceneLighting":true,"audioPlay":false,"sceneViewState":{"showFog":true,"showMaterialUpdate":false,"showSkybox":true,"showFlares":true,"showImageEffects":true,"showParticleSystems":true},"in2DMode":false,"pivot":{"x":-1.3962069749832154,"y":-28.560771942138673,"z":-28.2376708984375},"rotation":{"x":0.005776894278824329,"y":0.9693319797515869,"z":-0.2452559471130371,"w":0.024203242734074594},"size":41.24259948730469,"orthographic":false}