{"cameraMode":{"drawMode":0,"name":"Shaded","section":"Shading Mode"},"sceneLighting":true,"audioPlay":false,"sceneViewState":{"showFog":true,"showMaterialUpdate":false,"showSkybox":false,"showFlares":true,"showImageEffects":true,"showParticleSystems":true},"in2DMode":false,"pivot":{"x":-0.3085594177246094,"y":-0.18994122743606568,"z":0.4938478469848633},"rotation":{"x":-0.01718803495168686,"y":-0.4926169216632843,"z":0.009841779246926308,"w":-0.8701382875442505},"size":7.306270122528076,"orthographic":false}