{"cameraMode":{"drawMode":0,"name":"Shaded","section":"Shading Mode"},"sceneLighting":true,"audioPlay":false,"sceneViewState":{"showFog":true,"showMaterialUpdate":false,"showSkybox":true,"showFlares":true,"showImageEffects":true,"showParticleSystems":true},"in2DMode":false,"pivot":{"x":-18.33303451538086,"y":4.198660850524902,"z":4.801568508148193},"rotation":{"x":0.06100190430879593,"y":0.8642710447311401,"z":-0.10853249579668045,"w":0.4876375198364258},"size":1.0378618240356446,"orthographic":false}